{
  "_fv": 27,
  "_type": "enchantment",
  "definition": {
    "name": "Swiftness",
    "type": "ARMOR_FEET",
    "rarity": "RARE",
    "minLevel": 1,
    "maxLevel": 3,
    "damageModifier": 0,
    "compatibleEnchantments": [
      {
        "value": "CUSTOM:Panic"
      },
      {
        "value": "SOUL_SPEED"
      }
    ],
    "compatibleItems": [],
    "isTreasureEnchantment": false,
    "isCurse": false,
    "isAllowedOnBooks": true,
    "canGenerateInLootTables": true,
    "canVillagerTrade": true
  }
}