{
  "_fv": 27,
  "_type": "enchantment",
  "definition": {
    "name": "Detonation",
    "type": "BOW",
    "rarity": "VERY_RARE",
    "minLevel": 1,
    "maxLevel": 1,
    "damageModifier": 0,
    "compatibleEnchantments": [
      {
        "value": "FLAME"
      },
      {
        "value": "CUSTOM:Frost"
      },
      {
        "value": "CUSTOM:Levitating"
      },
      {
        "value": "CUSTOM:Conduction"
      }
    ],
    "compatibleItems": [
      {
        "value": "Items.BOW"
      },
      {
        "value": "Items.CROSSBOW"
      }
    ],
    "isTreasureEnchantment": false,
    "isCurse": false,
    "isAllowedOnBooks": true,
    "canGenerateInLootTables": true,
    "canVillagerTrade": false
  }
}