{
  "_fv": 27,
  "_type": "enchantment",
  "definition": {
    "name": "Fire Coating",
    "type": "ARMOR_CHEST",
    "rarity": "VERY_RARE",
    "minLevel": 1,
    "maxLevel": 1,
    "damageModifier": 0,
    "compatibleEnchantments": [
      {
        "value": "FIRE_PROTECTION"
      },
      {
        "value": "THORNS"
      }
    ],
    "compatibleItems": [],
    "isTreasureEnchantment": false,
    "isCurse": false,
    "isAllowedOnBooks": true,
    "canGenerateInLootTables": true,
    "canVillagerTrade": true
  }
}