{
  "_fv": 27,
  "_type": "enchantment",
  "definition": {
    "name": "Smelting Touch",
    "type": "DIGGER",
    "rarity": "RARE",
    "minLevel": 1,
    "maxLevel": 1,
    "damageModifier": 0,
    "compatibleEnchantments": [
      {
        "value": "SILK_TOUCH"
      },
      {
        "value": "CUSTOM:Reach"
      }
    ],
    "compatibleItems": [],
    "isTreasureEnchantment": false,
    "isCurse": false,
    "isAllowedOnBooks": true,
    "canGenerateInLootTables": true,
    "canVillagerTrade": true
  }
}