{
  "_fv": 27,
  "_type": "enchantment",
  "definition": {
    "name": "Ultimate Finish",
    "type": "WEAPON",
    "rarity": "VERY_RARE",
    "minLevel": 1,
    "maxLevel": 1,
    "damageModifier": 0,
    "compatibleEnchantments": [
      {
        "value": "CUSTOM:LifeSteal"
      },
      {
        "value": "CUSTOM:Revenant"
      }
    ],
    "compatibleItems": [],
    "isTreasureEnchantment": false,
    "isCurse": false,
    "isAllowedOnBooks": true,
    "canGenerateInLootTables": true,
    "canVillagerTrade": false
  }
}