{
  "_fv": 28,
  "_type": "enchantment",
  "definition": {
    "name": "Levitating",
    "type": "BREAKABLE",
    "rarity": "RARE",
    "minLevel": 1,
    "maxLevel": 3,
    "damageModifier": 0,
    "compatibleEnchantments": [
      {
        "value": "FLAME"
      },
      {
        "value": "CUSTOM:Frost"
      },
      {
        "value": "CUSTOM:Conduction"
      },
      {
        "value": "CUSTOM:Detonation"
      }
    ],
    "compatibleItems": [
      {
        "value": "Items.BOW"
      },
      {
        "value": "Items.CROSSBOW"
      }
    ],
    "isTreasureEnchantment": false,
    "isCurse": false,
    "isAllowedOnBooks": true,
    "canGenerateInLootTables": true,
    "canVillagerTrade": true
  }
}