{
  "_fv": 28,
  "_type": "enchantment",
  "definition": {
    "name": "Life Steal",
    "type": "WEAPON",
    "rarity": "VERY_RARE",
    "minLevel": 1,
    "maxLevel": 3,
    "damageModifier": 0,
    "compatibleEnchantments": [
      {
        "value": "CUSTOM:FreezingAspect"
      },
      {
        "value": "FIRE_ASPECT"
      },
      {
        "value": "CUSTOM:ToxicAspect"
      },
      {
        "value": "CUSTOM:UltimateFinish"
      }
    ],
    "compatibleItems": [],
    "isTreasureEnchantment": true,
    "isCurse": false,
    "isAllowedOnBooks": true,
    "canGenerateInLootTables": true,
    "canVillagerTrade": false
  }
}