{
  "_fv": 28,
  "_type": "enchantment",
  "definition": {
    "name": "Venomfang",
    "type": "WEAPON",
    "rarity": "RARE",
    "minLevel": 1,
    "maxLevel": 2,
    "damageModifier": 0,
    "compatibleEnchantments": [
      {
        "value": "CUSTOM:FreezingAspect"
      },
      {
        "value": "FIRE_ASPECT"
      },
      {
        "value": "CUSTOM:LifeSteal"
      }
    ],
    "compatibleItems": [],
    "isTreasureEnchantment": false,
    "isCurse": false,
    "isAllowedOnBooks": true,
    "canGenerateInLootTables": true,
    "canVillagerTrade": true
  }
}